[
  {
    "user": {
      "type": "player",
      "name": "EntityIridescent",
      "uniqueId": "079bd9c4-889e-4dbd-81bc-b707e267719a"
    },
    "time": 1695091053801,
    "type": "Heap dump summary",
    "data": {
      "type": "url",
      "value": "https://spark.lucko.me/Wm3HjXrOtL"
    }
  },
  {
    "user": {
      "type": "player",
      "name": "EntityIridescent",
      "uniqueId": "079bd9c4-889e-4dbd-81bc-b707e267719a"
    },
    "time": 1691290080926,
    "type": "Profiler",
    "data": {
      "type": "file",
      "value": "C:\\Users\\Eric\\Twitch\\Minecraft\\Instances\\Chillest of the Chills\\config\\spark\\profile-2023-08-05_21.48.00.sparkprofile"
    }
  }
]