{
  "bookGuiScale": 0,
  "clickedVisualize": false,
  "bookData": {
    "astral:astronomicon": {
      "viewedEntries": [
        "astral:inner_realm",
        "astral:etheric_isles",
        "astral:feverweed",
        "astral:snowberries",
        "astral:offering_brazier",
        "astral:traveling_medicine",
        "astral:introspection_medicine",
        "astral:astral_travel",
        "astral:garden",
        "astral:library"
      ],
      "bookmarks": [],
      "history": [
        "astral:offering_brazier",
        "astral:introspection_medicine",
        "astral:inner_realm",
        "astral:astral_travel",
        "astral:etheric_isles",
        "astral:library",
        "astral:garden",
        "astral:traveling_medicine",
        "astral:snowberries",
        "astral:feverweed"
      ],
      "completedManualQuests": []
    }
  }
}