{
  "key.tac.unload": "key.keyboard.z",
  "key.tac.reload": "key.keyboard.r",
  "key.tac.co": "key.keyboard.left.alt",
  "key.tac.attachments": "key.keyboard.right.shift",
  "key.tac.vvv": "key.keyboard.right",
  "key.tac.i": "key.keyboard.i",
  "key.tac.j": "key.keyboard.j",
  "key.tac.ss": "key.keyboard.left.shift",
  "key.tac.cc": "key.keyboard.left.control",
  "key.tac.aa": "key.keyboard.left.alt",
  "key.tac.zzz": "key.keyboard.down",
  "key.tac.armor_repairing": "key.mouse.right",
  "key.tac.co_inspect": "key.keyboard.unknown",
  "key.tac.aim_toggle": "key.keyboard.unknown",
  "key.tac.co_unload": "key.keyboard.r",
  "key.tac.m": "key.keyboard.m",
  "key.tac.n": "key.keyboard.n",
  "key.tac.sight_switch": "key.keyboard.v",
  "key.tac.activateSideRail": "key.keyboard.home",
  "key.tac.k": "key.keyboard.k",
  "key.tac.l": "key.keyboard.l",
  "key.tac.o": "key.keyboard.o",
  "key.tac.pull_trigger": "key.mouse.left",
  "key.tac.p": "key.keyboard.p",
  "key.tac.moreInfoHold": "key.keyboard.left.shift",
  "key.tac.ccc": "key.keyboard.left",
  "key.tac.ssr": "key.keyboard.right.shift",
  "key.tac.ccr": "key.keyboard.right.control",
  "key.tac.aar": "key.keyboard.right.alt",
  "key.tac.aim_hold": "key.mouse.right",
  "key.tac.sizer": "key.keyboard.period",
  "key.tac.inspect": "key.keyboard.h",
  "key.tac.fireSelect": "key.keyboard.g",
  "key.tac.bbb": "key.keyboard.up"
}